Name,Name_IT,Description_IT,ShopDescription_IT
Chum,Uovo di Chum,"Offerto dai Chum quando si piantano nel terreno. Perfettamente liscie e dure come la roccia, queste uova sembrano galleggiare di quanto sono leggere. Da qualche parte ci sarà un buon posto dove consegnarle.",
YellowElephantBeetle,Scarabeo Elefante Giallo,"Eccellenti nel sottrarsi ai predatori, gli Scarabei Elefante Gialli hanno una distinta passione per i Semi di Stagno, sorprendentemente efficace per distrarli abbastanza da catturarli.",
Calibrator,Calibratore Atomico,"Una sorta di antico dispositivo di calibrazione che Sizo mi ha chiesto di recuperare da una nave atomica in rovina.",
PowerSupply,Alimentatore Atomico,"Questo dispositivo fornisce energia a qualsiasi cosa vi venga collegata. Sizo dovrà mostrarmi come funziona.",
ControlPanel,Pannello di Controllo Atomico,"Un dispositivo di controllo interno, usato per permettere a una macchina di monitorare i propri meccanismi e fare aggiustamenti dove serve. Senza uno di questi su una hoverbike, faresti meglio a cavalcare una capra.",
Navigator,Il Navigatore,"Un antico strumento di misurazione, usato per segnare posizioni sulle mappe a grandi distanze, uno strumento utile per tracciare la propria rotta in territori sconosciuti.",
GlidingStone01,Pietra del Volo,"Sento una profonda vibrazione nel suo nucleo mentre la tengo in mano. È un'oscurità impenetrabile, ma sulla superficie ci sono incisioni a malapena percepibili.",
GlidingStone02,Pietra del Volo Caricata,"La luce pulsa attraverso la roccia scura, in qualche modo agisce come una lente che concentra l'energia del Perpetuo intorno a noi. Emana un calore quando viene usata.",
AtomicHeartKeycard,Tessera del Cuore Atomico,"Una tessera datami dalla guardia eccrina Sandip. Mi permette di accedere al Cuore Atomico, la struttura che fornisce energia a Eccria.",
OasisFlower,Fiore d'Oasi,"Un bellissimo fiore che cresce su una roccia nell'Oasi Eccrina. Un dono da fare a qualcuno a cui tieni.",
LarvalHusk,Esuvia di Larva di Scarabeo Ercole,"Ciò che resta delle larve metamorfizzate degli Scarabei Ercole, spesso si trovano al centro dei loro nidi. Estremamente resistenti, sono un materiale utile per creare indumenti rigidi e robusti o pezzi di architettura.",
SlicerBeetlePoo,Cacca di Scarabeo Tagliatore,"A quanto pare ha valore come carburante e fertilizzante; gli scarabei tagliatori a volte hanno bisogno di qualche incoraggiamento per cederla.",
OrangeWingBeetle,Scarabei dalle Ali Arancioni,"Una creatura nervosa e diffidente, sopravvive con cautela tra le rocce geodetiche all'ombra del Wash. Fuggono in fretta nelle sabbie morbide ma le loro mandibole corte non sono adatte a tagliare materiali più duri.",
BasicFishingRod,Canna di Legno Basica,"Una vecchia canna di legno, appena utilizzabile. Con questa cosa non prenderò niente di grosso.",
Glowworm,Vermi Luminosi di Hakoa,"Vermi fluorescenti che si trovano sul soffitto di una grotta dietro una cascata di zolfo a Hakoa. Cadono dalle stalattiti se li affumichi usando le rocce dissolventi delle grotte. I piccoli sandwyrm li adorano, ma non sono noti per fare bene agli umani.",
NimoorButterflies,Farfalle Nimoor,"Cacciano piante Nimoor di notte e quando ne trovano una, si infilano nel cuore per donarle un bagliore mentre ne consumano i nutrienti.",
GlowingMushrooms,Funghi Luminosi,"Funghi luminosi trovati nelle grotte dei vermi luminosi, si dice diano una certa euforia se consumati.",
StyllousNote,Nota Misteriosa,Un biglietto preso dal Wyrm Pietrificato.,
MachinistBadge,Distintivo del Macchinista,"A forma di una specie di componente meccanico, il distintivo è solido e ben costruito al tatto.",
LightningCrystal,Cristallo Fulmine,"Cristalli infusi di fulmine che crescono ai lati delle rocce fluttuanti del Crystal Plateau. Estremamente rischiosi da raccogliere, l'energia all'interno di ciascun cristallo è potentissima e volatile. Spaccarne uno può essere pericoloso.",
GuardsBadge,Distintivo della Guardia,"Una piuma di un uccello da preda, data come distintivo dalla guardia Eliisabet.",
AnAncientRaceKeyItem,Artefatto dell'Anello Hicarico,"Uno strano anello circolare che ho recuperato da un santuario sepolto sotto la sabbia. Sento un leggero richiamo verso un luogo sconosciuto quando lo tengo delicatamente tra le mani. Come una chiave che appartiene a un posto specifico.",
BeetleBadge,Distintivo dello Scarabeo,A forma delle mandibole di uno Scarabeo questo distintivo viene dato dai gestori dei campi degli scarabei.,
StormFish,Pesce Tempesta,"Un pesce unico che cavalca i movimenti aggressivi della sabbia durante una tempesta espandendo le pinne in un'apertura enorme, come un uccello che sta per spiccare il volo.",
BellowGuppy,Guppy Mantice,"Si fa strada nelle sabbie pulsando grazie a un sistema di propulsione ad aria che cresce all'estremità della coda. Quando è spaventato, la forza della propulsione può far staccare il 'mantice' lasciando il pesce arenato.",
PillFish,Pesce Pillola,"Un piccolo pesce frastagliato che si raduna in sciami presso le radici dei cactus. È velenoso per gli umani ma secerne un fluido a volte usato come antidolorifico.",
LittleKicker,Calciatore,"Questo piccolo pesce ha una pinna divisa che usa per spingersi tra le dune come se avesse due gambe che scalciano avanti e indietro.",
SandRay,Razza di Sabbia,"Questo pesce raro è considerato un segno di buona fortuna nelle culture delle dune. Tipicamente viaggia da solo. Una prelibatezza a Redsee, ma mangiare razze di sabbia è disapprovato altrove.",
TeacupAngler,Pescatore Tazzina,"Riesce a vivere nelle pozze di zolfo a Hakoa. Sembra l'unica creatura vivente in grado di sopravvivere in un ambiente del genere.",
ScabbyFish,Pesce Crostoso,"Apprezza i climi più freschi del fondo dei Badlands; questo pesce è notevole solo per quanto è poco notevole.",
TrifleJelly,Gelatina Inutile,"Sfortunatamente non commestibile nonostante il nome, gli strati di membrana sottile circondano un nucleo simile a una roccia che si rimpicciolisce nel corso della sua vita finché non muore.",
LightKoi,Koi Luce,"Originari dei Badlands, queste belle creature vengono spesso tenute e vendute come animali domestici, ma le loro scaglie scintillanti vengono usate anche nei gioielli venduti a Eccria.",
BloatedEyeClam,Vongola Occhio Gonfio,"Vivono sulle radici degli alberi morti, il loro guscio viola indurito racchiude una carne morbida e deliziosa, ricercata in tutta Midden.",
PebbleEye,Pesce Ciottolo,"Il corpo sottile come una matita permette a questi pesci di rifugiarsi in piccole crepe e fori nelle rocce, proteggendosi dal sole e dai predatori.",
MonumentalBikeWingsSchematic,Schema Ali Hoverbike Hicarico,"Un calco di uno schema preso dall'antico santuario hicarico. Se lo porto all'ingegnere fuori dal santuario, forse potrà aiutarmi.",
MonumentalBikeBoosterSchematic,Schema Booster Hoverbike Hicarico,"Un calco di uno schema preso dall'antico santuario hicarico. Se lo porto all'ingegnere fuori dal santuario, forse potrà aiutarmi.",
MonumentalBikeFrontSchematic,Schema Davanti Hoverbike Hicarico,"Un calco di uno schema preso dall'antico santuario hicarico. Se lo porto all'ingegnere fuori dal santuario, forse potrà aiutarmi.",
AtomicWhaleshipBikeFront,Davanti Hoverbike Whale Ship,"Perfettamente conservato nella Whale, il davanti di questa hoverbike è fatto di metalli dall'aspetto familiare modellati con una precisione impossibile da replicare per gli umani.",
AtomicWhaleshipBikeWings,Ali Hoverbike Whale Ship,"Custodite nella Whale per un tempo incomprensibilmente lungo. Quando cambiano stato, i meccanismi scivolano fluidi in un movimento appagante e fluido.",
AtomicWhaleshipBikeBooster,Motore Hoverbike Whale Ship,"Un ronzio vibrante e impercettibile emana dalla superficie liscia di questo pezzo quando ci appoggi le mani. Sembra reattivo a ogni minimo movimento del pilota.",
BeetleFront,Davanti Hoverbike Scarabeo,"Un'energia frenetica scorre nelle protuberanze a forma di mandibole di questa hoverbike, mai ferma e in costante movimento, come se cercasse qualcosa.",
BeetleWings,Ali Hoverbike Scarabeo,"Un componente spesso usato dagli appassionati di Scarabei: le ali simili a mandibole si spalancano con grande tensione quando il pilota va di traverso e si arricciano strette per un planaggio aerodinamico ad alta velocità.",
BeetleBooster,Booster Hoverbike Scarabeo,"Fumo esce dai numerosi scarichi posteriori di questo booster, meglio evitarne l'uso al chiuso o vicino ad altre persone.",
DeliveryBikeFront,Davanti Hoverbike Corriere,"Un componente usato dai corrieri di tutta Midden. Sotto i pannelli metallici frontali ci sono scomparti nascosti per merci delicate.",
DeliveryBikeWings,Ali Hoverbike Corriere,"Le strutture metalliche ai lati della hoverbike servono ai Corrieri per trasportare attrezzature. Bilanciare bene la hoverbike prima di partire è molto importante: cavalcarne una sbilanciata su una grande duna può finire male.",
DeliveryBikeBooster,Motore Hoverbike Corriere,"Sospensioni e bilanciamento sono studiati con cura per consegnare attrezzature delicate su ogni tipo di terreno. Servirebbe un colpo enorme per far cadere un pacco dal portapacchi posteriore.",
EyriesBikeFront,Davanti Hoverbike Eyries,"Il motore è circondato da legno leggero e ossa cave, richiede molta manutenzione per funzionare a dovere, ma quando lo fa è una gran cavalcata.",
EyriesBikeWings,Ali Hoverbike Eyries,"Un esoscheletro di ossa e legno leggero le dà una sensazione da imbarcazione, intagliato da un esperto artigiano dei Badland Eyries.",
EyriesBikeBooster,Booster Hoverbike Eyries,"Il legno rosso delle Uplands dei Badlands combinato con le ossa dei Chales rendono questo un materiale ottimo, anche se rustico, su cui cavalcare.",
GiraffeFront,Davanti Hoverbike Giraffa,"Un motore progettato per trainare cose su lunghe distanze. Comunemente usato per trasportare grossi pezzi di nave, lo si vede spesso sulle hoverbike dei Rottamatori.",
GiraffeWings,Ali Hoverbike Giraffa,"Accumulano grandi quantità di energia per trainare oggetti tra le dune, utili per portare in superficie qualcosa coperto da sabbie pesanti.",
GiraffeBooster,Booster Hoverbike Giraffa,"Il lungo collo si regola per controbilanciare i grandi oggetti che questa hoverbike è solita trainare tra le dune. Può sembrare un po' goffa se non stai trainando nulla.",
GlidingBikeFront,Davanti Hoverbike Glider,"Il vetro di fattura eccrina al cuore di questo componente è insuperabile per resistenza. La stabilità e la purezza chimica del vetro rendono la sorgente di energia al suo interno estremamente stabile.",
GlidingBikeWings,Ali Hoverbike Glider,"Le ali della hoverbike che ho aiutato Sizo a costruire. Forniscono un movimento fluido e bilanciato, perfetto per i lunghi viaggi.",
GlidingBikeBooster,Booster Hoverbike Glider,"Costruito con i pezzi che ho raccolto attorno all'Ewer. La scia rossa che lascia è ipnotica e mi ricorda il panno rosso degli Ibexii.",
LightningCrystalBikeFront,Davanti Hoverbike Cristallo Fulmine,"Rivoli attivi di fulmine scorrono nelle vene dei cristalli che ho raccolto a Hakoa. Una ricompensa degna di un compito così pericoloso.",
LightningCrystalBikeWings,Ali Hoverbike Cristallo Fulmine,"Il fulmine è una fonte di energia poco comune nelle dune, impraticabile e pericolosa, solo chi segue specifiche tradizioni hicariche di Hakoa proverebbe a usarla.",
LightningCrystalBikeBooster,Booster Hoverbike Cristallo Fulmine,"I cristalli pieni di fulmine si muovono grazie a una sorta di carica statica. La hoverbike controlla e guida le loro formazioni per sfruttare l'energia di ogni cristallo con precisione estrema.",
MonumentalRingBikeFront,Davanti Hoverbike Anello Hicarico,"Anelli luminosi pulsano di energia perpetua. Resti della tecnologia usata dagli Hicaris per imbrigliare il potere del Perpetuo.",
MonumentalRingBikeWings,Ali Hoverbike Anello Hicarico,"Gli anelli ruotano in moti contrari per creare una sospensione finemente bilanciata in aria.",
MonumentalRingBikeBooster,Booster Hoverbike Anello Hicarico,"Un booster ricavato da vecchi schemi nelle rovine hicariche. Gli Hicaris dovevano usare progetti simili per spostarsi.",
NomadicFront,Davanti Hoverbike Nomade,"Un look elegante e minimale con un peso ben bilanciato. Un componente comune usato da molti nelle dune di Midden.",
NomadicWings,Ali Hoverbike Nomade,"Pesi galleggianti all'interno di ciascun modulo regolano automaticamente la propria posizione per correggere movimenti di guida poco precisi, rendendola facile da pilotare.",
NomadicBooster,Motore Hoverbike Nomade,"Un componente moderno della Limina, spesso visto sulle hoverbike dei nomadi del Wash. Le pinne aiutano a creare un'esperienza di guida bilanciata.",
SandcutterFront,Davanti Sandcutter,"Il tipo di hoverbike più riconoscibile per i bambini delle dune; non si solleva molto da terra e non va veloce, quindi è buona per imparare.",
SandcutterWings,Ali Sandcutter,"Sta cadendo a pezzi, ma la sua familiarità scalda il cuore. Tiene la hoverbike bassa e sicura per i piloti inesperti, attenzione solo alle rocce.",
SandcutterBooster,Motore Sandcutter,"Una vecchia ferraglia, mi sorprende che funzioni ancora. Il fumo che emette è quasi sicuramente tossico.",
SpeedsterBikeFront,Davanti Hoverbike Speedster,"Una recente innovazione dei Macchinisti: si vede come le linee filanti del metallo lavorato deflettono il vento creando una velocità incredibile.",
SpeedsterBikeWings,Ali Hoverbike Speedster,"Piccole pinne sfarfallano come branchie, generando lievi correnti d'aria che permettono movimenti delicati e controllati ad alta velocità.",
SpeedsterBikeBooster,Motore Hoverbike Speedster,"Una grande pinna posteriore si abbassa per garantire un'aerodinamica fantastica. Le piccole pinne consentono micro-aggiustamenti in curva e in resistenza per un controllo discreto.",
AtomicPriesthoodSetMask,Maschera del Sacerdozio Atomico,Descrizione per la maschera del sacerdozio atomico,
AtomicSuitHelmet,Maschera Whale Ship,"La visiera di questa maschera offre una chiarezza e una visibilità a cui non sono abituata con le altre maschere. L'aria sa di più pulito mentre la indosso.",
ChildhoodSetMask,Maschera dell'Infanzia,"Una maschera dall'aspetto neutro indossata da tutti i bambini delle dune. La maggior parte dei ragazzini la personalizza per gioco, ma i clan più tradizionali disapprovano questa forma di espressione personale.",
ClimbingSetMask,Maschera dell'Arrampicata,"Non posso fare a meno di sentirmi nei panni di una creatura rettile indossando questa maschera, le pareti sembrano in qualche modo meno ripide.",
EngineerSetHelmet,Maschera del Macchinista,"Realizzata con pezzi grezzi di vecchie navi battuti fino a ottenere una superficie liscia e perfetta, una maschera bella per le sue qualità funzionali.",
EntertainersMask,Maschera dell'Intrattenitore,"Una maschera dall'aria un po' ridicola, ma immagino sia il punto. Mi ispira leggerezza solo a guardarla. Indossarla in qualunque situazione fa sembrare il mondo un po' più caldo.",
FishingSetMask,Maschera del Pescatore,"A forma di pesce e fatta di un materiale gommoso, la sua colorazione è un chiaro omaggio a Coral e Cobalt, gli dei pesce gemelli.",
GuardMask,Maschera della Guardia,"Una maschera con 3 piume di Aquila, indossata principalmente dalle guardie di Eccria, ma occasionalmente vista nelle dune in circostanze particolari.",
HerculesBeetleMask,Maschera dello Scarabeo Ercole,"Una maschera fatta per somigliare a uno scarabeo Ercole, costruita con esuvie lavorate intricate, dure e roccia ma estremamente leggere.",
HuntersMask,Maschera del Cacciatore,"Una maschera indossata dai cacciatori, completamente inutile, le decorazioni che la adornano sembrano servire più a impressionare gli altri che a qualunque altra cosa.",
IbexiiSetMask,Maschera Ibexii,"Una maschera indossata da chi vive nel Sansee, fatta di osso. Quelle particolari degli Ibexii sono ricavate dal teschio di una capra di montagna.",
ParasiteBeetleMask,Maschera Scarabeo dagli Anelli Arancioni,"Una maschera che richiama uno Scarabeo dagli Anelli Arancioni che si trova nel nord-est del Wash. La gente sembra avere grande affetto per quei piccoli e curiosi insetti.",
SandwormMask,Maschera del Sandwyrm,"Una cosa dall'odore rancido quando viene indossata, fatta in qualche modo con la carne di un sandwyrm morto. Un evidente senso di disagio sembra cogliere chi la guarda.",
ScrappersMask,Maschera del Rottamatore,"La vita di un rottamatore è piena di pericoli e solitudine. La maschera mi lascia una sensazione fredda e sola. La vita di un rottamatore si passa spesso su vecchie navi, da soli con i propri pensieri.",
ShadeOfEccriaMask,Maschera dell'Ombra di Eccria,"La maschera dell'Ombra di Eccria; quando la indosso, mi sento trasformata in qualcosa di più vicino a uno spirito, non mi sento più umana.",
ShepherdsMask,Maschera del Pastore,"Indossata dai pastori in tutta Midden, gli animali sembrano rispondere a questa maschera con simpatia e tranquillità.",
SlicerBeetleMask,Maschera dello Scarabeo Tagliatore,"Una maschera fatta per somigliare a uno Scarabeo Tagliatore, mandibole intagliate vivamente sporgono in cima alla maschera e luccicano alla luce da certe angolature. Cacca di scarabeo non inclusa.",
ChumMask,Maschera del Chum,"Un dono della Regina Chum, questa maschera reagisce ogni volta che mi avvicino a un Chum non ancora trovato.",
AtomicPriesthoodSetTop,Tunica del Sacerdozio Atomico,"Indossata dall'enigmatico Sacerdozio Atomico, modellata da vecchi pezzi di nave e decorata con mantelli che rappresentano i diversi gradi all'interno del Sacerdozio.",
AtomicSuitTop,Tunica Whale Ship,"Realizzata con un materiale irriconoscibile, indossarla sembra mantenermi a una temperatura costantemente confortevole.",
BeetleSetTop,Tunica del Beetle Station,"Una tunica con cappuccio indossata dai gestori dei Beetle Station nelle dune. Provo una sensazione di familiarità e sicurezza quando la indosso.",
BikerSetTop,Tunica da Pilota,"Spesso indossata dai piloti di Redsee, progettata per garantire buon movimento durante le accelerazioni tra le dune.",
BlackDesertSetTop,Tunica Hakoana,"Realizzata con un materiale gommoso, è un equipaggiamento essenziale per i Coltivatori di Cristalli di Hakoa, con ampi spazi per riporre i cristalli raccolti.",
ChildhoodSetTop,Tunica Infantile Ibexii,"La mia vecchia tunica e cappuccio Ibexii, ereditati da Yaara. Il pizzicore mi ricorda casa.",
ClimbingSetTop,Tunica da Arrampicata,"Anche se non mi aiuteranno a salire più in alto, le fasce per le mani e la vestibilità leggera di questa attrezzatura sono ottime per rendere più confortevole scalare altezze vertiginose.",
EccrianSetTop,Tunica Eccrina,"Un look raffinato, adatto a una cittadina. Non è particolarmente pratica ma mi dà una certa sicurezza mentre la indosso.",
EngineerSetTop,Tunica da Macchinista,"Una uniforme standard indossata dai Macchinisti di Midden; ogni Macchinista farà sempre in modo che il suo set abbia delle modifiche uniche per le proprie esigenze.",
FingerClanSetTop,Tunica Eyries,"Ottima per arrampicarsi sui Chales, la fodera in pelliccia ti dà una grande protezione per esplorare in alta quota.",
FishingSetTop,Tunica del Pescatore,Una pettorina per pescare.,
GuardOutfitTop,Tunica della Guardia Eccrina,"Indossata dalle guardie di Eccria, fornisce protezione contro gli attacchi fisici mantenendo la mobilità.",
IbexiiSetTop,Tunica del Glider Ibexii,"L'abito fatto per i bambini Ibexii quando partono per il loro volo. Il mantello è inconfondibilmente del rosso Ibexii.",
MonumentalTop,Tunica di Pietra Monumentale,"Un capo cerimoniale incredibilmente lavorato. È scomodo da indossare ma difficile da non guardare.",
SurferSetTop,Tunica del Surfista di Sabbia,Abbigliamento particolarmente adatto a scivolare giù dalle grandi dune.,
WhiteDesertSetTop,Tunica del Wash,"Indossata da chi vive nel Wash, il materiale è permeabile, naturalmente fresco e confortevole sotto il sole.",
AtomicPriesthoodSetTrousers,Pantaloni del Sacerdozio Atomico,"Il modo in cui questi pantaloni risuonano quando un Sacerdote Atomico si avvicina è inconfondibile. Sono caldi e scomodi da indossare nelle dune sabbiose.",
AtomicSuitTrousers,Pantaloni Whale Ship,"Talmente leggeri e aderenti che non sembrano molto più di un ulteriore strato di pelle. Non mi è chiaro di cosa siano fatti.",
BeetleSetTrousers,Pantaloni del Beetle Station,"Morbidi e lussuosi, mi ricordano una buona dormita.",
BikerSetTrousers,Pantaloni da Pilota,"L'imbottitura interna delle gambe assicura che non si consumino quando si guidano hoverbike a lungo ad alte velocità.",
BlackDesertSetTrousers,Pantaloni Hakoani,"Gommati per isolare chi li indossa da cariche statiche e fulmini, sono perfetti per esplorare l'aspro paesaggio di Hakoa.",
ChildhoodSetTrousers,Pantaloni Ibexii,"Comodi sandali per esplorare i luoghi sabbiosi. Facili da liberare dalla sabbia, ma non i migliori per arrampicarsi.",
ClimbingSetBottoms,Pantaloni da Arrampicata,"Le fasce strette ai piedi ti permettono di sentire ogni anfratto e appiglio mentre scali. Non ti rendono più efficace nell'arrampicata, ma sembra una sensazione migliore.",
EccrianSetTrousers,Pantaloni Eccrini,"Un semplice paio di pantaloni in stile eccrino. Ottimi per una passeggiata serale in città lungo l'oasi o per rilassarsi al Caffè dell'Overhang.",
EngineerSetTrousers,Pantaloni da Macchinista,"Pantaloni pratici per lavorare alle hoverbike e ad altri equipaggiamenti atomici, tasche per attrezzi ovunque.",
FingerClanSetTrousers,Pantaloni Eyries,"Le scarpe a punta divisa rendono meno probabili i passi falsi alle grandi altezze, e le suole con presa rendono l'esplorazione più facile a piedi.",
FishingSetTrousers,Pantaloni del Pescatore,"Stivali e pantaloni da pesca, sembrano ridurre il rumore prodotto sulle superfici sabbiose, così che i pescatori non spaventino i pesci di sabbia, con tante tasche per le esche.",
GuardOutfitBottoms,Pantaloni della Guardia Eccrina,"Realizzati con metalli hakoani, la leggerezza di questi metalli è impareggiabile, permettendo movimenti agili e una forte resistenza in combattimento.",
IbexiiSetTrousers,Pantaloni del Glider Ibexii,"Li ha fatti Jadi, la trama è unica degli Ibexii. Il tessuto sembra fatto al Burnt Oak Station.",
MonumentalBottom,Pantaloni di Pietra Monumentale,"Hanno in qualche modo resistito alla prova del tempo, evitando secoli di sabbia che li avrebbero ridotti a un nulla liscio; questo capo cerimoniale brilla magnificamente.",
SableHunchTrousers,Pantaloni Sable Hunch,"Estremamente comodi, ma assicurati di legare bene la parte in vita prima di avventurarti in terreno sabbioso, altrimenti la sabbia si accumulerà e ti appesantirà.",
SurferSetTrousers,Pantaloncini del Surfista di Sabbia,"Pantaloncini a strati che svolazzano in modo soddisfacente quando fai surf giù da una duna ad alta velocità, fanno un buon lavoro nel tenere fuori i granelli di sabbia.",
WhiteDesertSetTrousers,Pantaloni del Wash,"Spesso indossati dai mercanti, questi pantaloni sono fatti di un materiale resistente alle macchie dei depositi di gesso che cospargono il Wash.",
ScrapMetal,Rottami di Metallo,"Rottami di metallo raccolti dai rottamatori per usi vari, dalla riparazione di hoverbike e altri beni meccanizzati alla produzione di cuts. Trovati su antiche navi e barattabili al deposito di rottami della Burnt Oak Station.",
ClimbingBadge,Distintivo dell'Arrampicata,"A forma di mano di rettile, mi sento più sicura nell'arrampicata solo a guardarlo.",
FallowPomegranate,Melagrana di Maggese,"Vale la pena raccoglierle solo dopo la fermentazione: queste melagrane creano una bevanda dal sapore delizioso.",
ShyRijwurPulp,Polpa di Rijwur Timido,"Sgorga dalla cima della pianta di Rijwur Timido. È notevolmente appiccicosa. Molto utile quando si riparano cose.",
Fig,Fico dello Stelo Sottile,"Senza dubbio il mio frutto preferito, la prima cosa che chiedevo quando incontravamo i mercanti viaggianti con gli Ibexii.",
ShadedLeafButterfly,Farfalla Foglia Ombreggiata,"Si trovano nella foresta di palme delle dune occidentali, queste creature vivaci aiutano a propagare la vita nella foresta.",
ChalkButterfly,Farfalla del Gesso,"Si trova nel Wash, le parti bianche delle ali sembrano dovute a un accumulo di gesso, permettendo di capire l'età di una farfalla da quanto è bianca.",
OasisDragonfly,Libellula d'Oasi,"Si trova solo in grandi specchi d'acqua aperti. Difficile da catturare ma bellissima da vedere ed estremamente nutriente.",
SaltButterfly,Farfalla del Sale,"Queste farfalle sembrano nutrirsi di particolari piante delle saline, è un miracolo che riescano a sopravvivere lì.",
SunshineButterfly,Farfalla del Sole,"Farfalle che ibernano durante le notti fredde del deserto seppellendosi nelle sabbie. Di giorno volano nelle dune cercando attivamente la luce del sole da assorbire nelle ali in un processo simile alla fotosintesi.",
MerchantBadge,Distintivo del Mercante,"Una gemma che rappresenta un cut adorna questo distintivo circolare, dato o venduto dai membri della corporazione dei mercanti.",
BadlandsMap,Mappa dei Badlands,"Impossibile orientarsi tra le falesie torreggianti e a labirinto senza, una mappa dei Badlands realizzata e venduta dai membri della corporazione dei Cartografi.",
EasternDuneMap,Mappa del Sansee,"Una mappa del Sansee. Noi Ibexii passiamo gran parte del nostro tempo in queste sabbie roventi, certi punti di riferimento sono familiari ma questa mappa del Sansee aiuterà per le vaste terre intermedie. Realizzata e venduta dai membri della corporazione dei Cartografi.",
WesternDuneMap,Mappa del Redsee,"Una mappa del Redsee, realizzata e venduta dai membri della corporazione dei Cartografi.",
WhiteDesertMap,Mappa del Wash,"Una mappa del Wash. Depositi gessosi punteggiano sabbie rosa. La mappa è realizzata e venduta dai membri della corporazione dei Cartografi.",
BlackDesertMap,Mappa di Hakoa,"Una mappa di Hakoa, sarà utile per orientarsi nella sua atmosfera densa e implacabile. Creata e barattata dai membri della corporazione dei Cartografi.",
SaltPlainsMap,Mappa del Sodic Waste,"Una mappa del piatto Sodic Waste, cosparso di metallo, realizzata e venduta dai membri della corporazione dei Cartografi.",
CatEarCanyonMap,Mappa dell'Ewer,Una mappa dell'Ewer venduta dai membri della corporazione dei Cartografi.,
EntertainersBadge,Distintivo dell'Intrattenitore,"Ricordo di averli fatti da bambina. Non è il distintivo più ben fatto che vedrai, ma ha un certo spirito.",
ThievingMagpiesWellDoorKey,Chiave della Gazza,Una chiave che mi ha dato Micah per aprire le porte del Pozzo della Gazza Ladra.,
DuskFirefly,Lucciola del Crepuscolo,"Piccole creature luminescenti che appaiono nella notte del deserto. Vivono solo per un giorno, passato freneticamente a deporre uova nei cactus che impiegano una settimana a schiudersi.",
MelancholyMushroom,Fungo Malinconico,"Si trova nella Foresta Pietrificata nel Wash. Hanno un sapore piuttosto buono nonostante il nome triste.",
PricklyPear,Fico d'India,"Si manifesta in qualche modo dalle ossa delle creature del Wash, estremamente gustoso da mangiare ma difficile da deglutire a causa dei semi che permeano il frutto.",
CrystalButterfly,Farfalla di Cristallo,"Queste farfalle depongono le uova in grappoli di cristalli, sembrano trarre energia dalle forme cristalline. Le altre farfalle faticano nelle stesse condizioni.",
CactusSpineRod,Canna di Spina di Cactus,"Realizzata con una spina di cactus, la flessibilità di questa canna la rende eccellente per pescare.",
TricksterAtomicRod,Canna Atomica del Beffardo,"Una canna estremamente leggera e robusta. Pescare è una passeggiata con questo aggeggio.",
BeetleBikePalette,Tinta Hoverbike Scarabeo,La bottiglia di tinta per i colori dell'Hoverbike Scarabeo.,
CrazyBikePalette,Tinta Hoverbike Pazza,La bottiglia di tinta per dei colori molto stravaganti per la hoverbike.,
AtomicCorePalette,Tinta Nucleo Atomico,La bottiglia di tinta per i colori Nucleo Atomico.,
AtomicShellPalette,Tinta Hoverbike Guscio Atomico,La bottiglia di tinta per i colori dell'Hoverbike Guscio Atomico.,
AzurePalette,Tinta Azzurra,La bottiglia di tinta per i colori dell'Hoverbike Azzurra.,
BeetleHuskPalette,Tinta Hoverbike Esuvia di Scarabeo,La bottiglia di tinta per i colori dell'Hoverbike Esuvia di Scarabeo.,
DustyMonumentPalette,Tinta Hoverbike Monumento Polveroso,La bottiglia di tinta per i colori dell'Hoverbike Monumento Polveroso.,
EccrineGreenPalette,Tinta Hoverbike Verde Eccrino,La bottiglia di tinta per i colori dell'Hoverbike Verde Eccrino.,
HakoanBlackPalette,Tinta Hoverbike Nero Hakoano,La bottiglia di tinta per i colori dell'Hoverbike Nero Hakoano.,
IbexiiRedPalette,Tinta Hoverbike Rosso Ibexii,La bottiglia di tinta per i colori dell'Hoverbike Rosso Ibexii.,
LavenderFlashPalette,Tinta Hoverbike Lampo Lavanda,La bottiglia di tinta per i colori dell'Hoverbike Lampo Lavanda.,
NaturesGreenPalette,Tinta Verde Natura,La bottiglia di tinta per i colori Verde Natura.,
NeonFlashPalette,Tinta Hoverbike Lampo Neon,La bottiglia di tinta per i colori dell'Hoverbike Lampo Neon.,
PyraustaGreyPalette,Tinta Hoverbike Grigio Pyrausta,La bottiglia di tinta per i colori dell'Hoverbike Grigio Pyrausta.,
SaltPlainPoolsPalette,Tinta Pozze delle Saline,La bottiglia di tinta per i colori Pozze delle Saline.,
SandyPalette,Tinta Hoverbike Sabbiosa,La bottiglia di tinta per i colori dell'Hoverbike Sabbiosa.,
StrawPalette,Tinta Hoverbike Paglia,La bottiglia di tinta per i colori dell'Hoverbike Paglia.,
SunsetsPalette,Tinta Tramonti,La bottiglia di tinta per i colori Tramonti.,
WashBluePalette,Tinta Blu del Wash,La bottiglia di tinta per i colori Blu del Wash.,
WindChimePalette,Tinta Hoverbike Carillon,La bottiglia di tinta per i colori dell'Hoverbike Carillon.,
DeliveryBikePalette,Tinta Hoverbike Corriere,La bottiglia di tinta per i colori dell'Hoverbike Corriere.,
EyriesBikePalette,Tinta Hoverbike Eyries,La bottiglia di tinta per i colori dell'Hoverbike Eyries.,
GiraffeBikePalette,Tinta Hoverbike Giraffa,La bottiglia di tinta per i colori dell'Hoverbike Giraffa.,
GlidingBikePalette,Tinta Hoverbike Glider,La bottiglia di tinta per i colori dell'Hoverbike Glider.,
LightningCrystalBikePalette,Tinta Hoverbike Cristallo Fulmine,La bottiglia di tinta per i colori dell'Hoverbike Cristallo Fulmine.,
MonumentalBikePalette,Tinta Hoverbike Monumentale,La bottiglia di tinta per i colori dell'Hoverbike Monumentale.,
AtomicWhaleShipBikePalette,Tinta Hoverbike Whaleship,La bottiglia di tinta per i colori dell'Hoverbike Whaleship.,
NomadicBikePalette,Tinta Hoverbike Nomade,La bottiglia di tinta per i colori dell'Hoverbike Nomade.,
RedBikePalette,Tinta Hoverbike Rossa,La bottiglia di tinta per i colori dell'Hoverbike Rossa.,
SandcutterBikePalette,Tinta Hoverbike Sandcutter,La bottiglia di tinta per i colori dell'Hoverbike Sandcutter.,
SpeedsterBikePalette,Tinta Hoverbike Speedster,La bottiglia di tinta per i colori dell'Hoverbike Speedster.,
LarvalHuskPackage,Pacco di Esuvie di Larva,Ifaa vuole che lo consegni a Aeyan a Eccria.,
PinkNeckEggs,Uova di Collo Rosa,"Uova estremamente rare con una spolverata rosa. Deposte dai Colli Rosa in alto sulle rocce dei geyser delle saline per proteggere i loro piccoli. L'aria calda e umida dei geyser è essenziale per una buona schiusa.",
ScrappersBadge,Distintivo del Rottamatore,Me lo ha dato il Rottamatore Altyn. Posso barattarlo per una Maschera del Rottamatore.,
Compass,La Bussola,"Un dispositivo che mi ha dato Jadi, mi aiuta a trovare la strada mentre esploro.",
CartographersMask,Maschera del Cartografo,"Una maschera adatta alla corporazione dei cartografi. Gli strumenti metallici che ruotano attorno alla maschera permettono ai Cartografi di calibrare i dispositivi usati per mappare aree inesplorate.",
MerchantsMask,Maschera del Mercante,Le maschere indossate da tutti i mercanti di Midden.,
ChumTear,Lacrima della Regina Chum,"Una lacrima donatami dalla Regina Chum per averle portato le sue Uova di Chum. La lacrima è entrata nel mio stomaco quando me l'ha data, riempiendomi di una calda forza, mi sento più forte e il mio vigore migliora con ogni lacrima.",
AtomicHeartSmashedGlass,INDIZIO: Vetro Frantumato,"Frammenti di vetro frantumato scoperti dentro al Cuore Atomico. Stranamente, il vetro sembrava frantumato dall'interno, dato che la maggior parte è atterrata fuori dalla camera centrale.",
AtomicHeartDebtNote,INDIZIO: Pagherò,"Una nota trovata dentro il Cuore Atomico, indica un debito verso un certo Mercante. Non è gente con cui scherzare, nemmeno nei momenti migliori.",
AtomicHeartFeather,INDIZIO: Grandi Piume,"Grandi piume che chiaramente appartengono a un uccello di considerevoli dimensioni. Erano sparse all'interno della camera nucleare del Cuore Atomico — una possibile pista?",
AtomicHeartEmptySocket,INDIZIO: Alloggiamento Vuoto,"L'alloggiamento vuoto dove si trovava il Nucleo Atomico. Il danno è completamente superficiale, c'è qualcosa che fa pensare a una messinscena.",
AtomicHeartPowerCoreBroken,Nucleo Atomico Danneggiato,"Resto di un nucleo di potenza danneggiato — estremamente prezioso quando funzionante, questa unità andrebbe portata al Macchinista di Eccria per la riparazione, così da poter restituire l'energia a Eccria.",
AtomicHeartPowerCoreRepaired,Nucleo Atomico Riparato,"Riparato dal Macchinista Hamza a Eccria, questo nucleo va portato al Cuore Atomico per ripristinare l'energia a Eccria.",
AtomicHeartSuspectGaray,SOSPETTO: Scalatore Garay,"Garay vive nel Serai, appena sotto l'ingresso della città di Eccria. Indossa una Maschera dello Scalatore e sembra emanare un odore sgradevole.",
AtomicHeartSuspectIria,SOSPETTA: Mercante Iria,"Iria è una Mercante che guida operazioni illecite di mercato nero. Il suo ufficio si trova sopra il Mercato degli Scarabei a Eccria. Non è facile ottenere un'udienza con lei, ma la sua guardia è notoriamente sensibile a un incentivo monetario.",
AtomicHeartSuspectHamza,SOSPETTO: Macchinista Hamza,"Il Macchinista cittadino, Hamza. Si trova quasi sempre nella sua officina sotto le due strutture acchiappavento di Eccria. La sua officina sembrava saccheggiata quando l'ho visitata la prima volta.",
CartographersBadge,Distintivo del Cartografo,"Un distintivo barattato dai Cartografi, spesso ci vuole un bel viaggio per raggiungerli ma le viste sono incredibili e vale sempre la pena parlare con loro dell'area locale.",
StepwellDragonfly,Libellula del Pozzo a Gradini,"Spesso si vedono raffrescarsi sulle ninfee dei pozzi a gradini, queste libellule sembrano arrancare al di fuori del clima unico di un ambiente di pozzo ad acqua ferma.",
ChumTop,Tunica Chum,"Una tunica donatami dalla Regina Chum per aver trovato tutte le sue Uova di Chum. Disegnata in un modo che non avevo mai visto in altri vestiti. Chissà chi l'avrà fatta?",
ChumBottoms,Gonna Chum,"Una gonna donatami dalla Regina Chum per aver trovato tutte le sue Uova di Chum. Chi l'avrà fatta? È leggera come una piuma e abbaglia gli astanti quando viene indossata.",
ShadeSetTop,Tunica dell'Ombra,"Una tunica aderente che apparteneva all'Ombra di Eccria originale. Ha un materiale tessile sotto le braccia usato per creare una silhouette unica e imponente.",
ShadeSetTrousers,Pantaloni dell'Ombra,"Pantaloni indossati dall'Ombra di Eccria, prima ancora che io nascessi. Sono particolarmente silenziosi, ottimi per avvicinarsi furtivamente a guardie ignare.",
ShadeOfEccriaFront,Davanti Hoverbike Ombra,"Un vecchio davanti dal design unico, creato molte lune fa a Eccria. Mi mette i brividi se la guardo troppo a lungo.",
ShadeOfEccriaWings,Ali Hoverbike Ombra,"Piccole ali sporgono dai lati della hoverbike, funzionalmente inutili.",
ShadeOfEccriaBooster,Booster Hoverbike Ombra,"Un meccanismo rotante sul retro della hoverbike costruito a forma di occhio, un promemoria per chi guarda la hoverbike da dietro che l'Ombra vede tutto.",
AnglerBadge,Distintivo del Pescatore,È un distintivo del Pescatore.,
FlutterThrust,Pinna Frusta,"Si trovano nelle Fingers, queste creature delicate evitano i predatori mimetizzando le pinne con le striature delle rocce vicine.",
DopeyDart,Dardo Tonto,"Si trovano in tutto il Sansee, questi pesci dall'aria goffa sono estremamente veloci ma notevolmente poco intelligenti. Un'offerta blanda ma nutriente sui piatti di tutta Midden.",
ShelledCup,Calice con Guscio,"Nessuno sa come questi pesci sopravvivano nel duro paesaggio salato del Sodic Waste, ma senza di loro un delicato ecosistema che sostiene creature come i Colli Rosa verrebbe disturbato.",
Hummer,Ronzante,"Un pesce simile a un uccello che spesso emerge da sotto la sabbia per consumare cibo nel suo habitat naturale, le Foreste di Palme. Si muovono con velocità erratica e incredibile.",
SuckerFish,Pesce Risucchiatore,"La lunga bocca di queste creature significa che inalano una quantità significativa di sabbia, che viene poi filtrata per insetti e altri nutrienti prima di essere risputata con una forza che scoraggia i predatori.",
GhostSoul,Anima Spettrale,"Queste creature eteree sono impossibili da vedere in certe luci, e sembrano apparire solo vicino alle carcasse delle creature morte, portando la gente a credere che siano in qualche modo legate all'aldilà.",
FlutterThrustClue,Indizio Pinna Frusta,"Nel cuore di Midden, sotto pilastri di roccia.",Un indizio su come catturare un pesce specifico.
DopeyDartClue,Indizio Dardo Tonto,Estremamente comune nei Sansee.,Un indizio su come catturare un pesce specifico.
ShelledCupClue,Indizio Calice con Guscio,Sembra che questa creatura si nutra di Sale.,Un indizio su come catturare un pesce specifico.
HummerClue,Indizio Ronzante,Questi pesci cercano aree verdi con alberi e fogliame.,Un indizio su come catturare un pesce specifico.
SuckerFishClue,Indizio Pesce Risucchiatore,Cerca l'ombra dei grandi archi rocciosi nel Redsee.,Un indizio su come catturare un pesce specifico.
GhostSoulClue,Indizio Anima Spettrale,Cerca le anime delle vecchie ossa.,Un indizio su come catturare un pesce specifico.
StormFishClue,Indizio Pesce Tempesta,Una cattura difficile che cavalca le creste delle sabbie cremisi.,Un indizio su come catturare un pesce specifico.
BellowGuppyClue,Indizio Guppy Mantice,Comune nelle sabbie di Midden. Difficile da non vedere.,Un indizio su come catturare un pesce specifico.
PillFishClue,Indizio Pesce Pillola,La perseveranza ripaga quando si pesca in zone piene di cactus.,Un indizio su come catturare un pesce specifico.
LittleKickerClue,Indizio Calciatore,Una scoperta comune nelle dune dai colori rosa.,Un indizio su come catturare un pesce specifico.
SandRayClue,Indizio Razza di Sabbia,"Nel Redsee, questi pesci cercano le parti più profonde delle sabbie.",Un indizio su come catturare un pesce specifico.
TeacupAnglerClue,Indizio Pescatore Tazzina,Si vocifera che queste creature si nutrano di sostanze gassose.,Un indizio su come catturare un pesce specifico.
ScabbyFishClue,Indizio Pesce Crostoso,Una scoperta comune nei sentieri di sabbia tra falesie torreggianti.,Un indizio su come catturare un pesce specifico.
TrifleJellyClue,Indizio Gelatina Inutile,Adora i pallidi cumuli di gesso.,Un indizio su come catturare un pesce specifico.
LightKoiClue,Indizio Koi Luce,"Un ritrovamento raro, spesso si nutrono di arbusti nei Badlands.",Un indizio su come catturare un pesce specifico.
BloatedEyeClamClue,Indizio Vongola Occhio Gonfio,Un parassita assassino di alberi.,Un indizio su come catturare un pesce specifico.
PebbleEyeClue,Indizio Pesce Ciottolo,Un pesce comune che cerca l'ombra nelle Eastern Dunes.,Un indizio su come catturare un pesce specifico.
DragonflyBikeFront,Davanti Hoverbike Libellula,Un componente insolito modellato per somigliare a una libellula.,
DragonflyBikeWings,Ali Hoverbike Libellula,"Ali modellate su una libellula, sembrano intimidire chiunque le veda.",
DragonflyBikeBooster,Motore Hoverbike Libellula,"Una lunga coda con una forma snella ed ergonomica basata su una Libellula.",
CartoBikeFront,Davanti Hoverbike Cartografo,"Realizzato con materiali recuperati dalle mongolfiere dei Cartografi, il davanti di questa hoverbike è estremamente leggero.",
CartoBikeWings,Ali Hoverbike Cartografo,Una pinna a croce sotto le ali sfiora la sabbia sotto la hoverbike.,
CartoBikeBooster,Motore Hoverbike Cartografo,"I Cartografi non tendono a usare hoverbike, quindi la tecnologia di questo design originale e poco pratico è alquanto insolita.",
SaltBikeFront,Davanti Hoverbike Sale,Un modulo robusto usato per controbilanciare gli altri componenti industriali delle hoverbike usate dai coltivatori di sale.,
SaltBikeWings,Ali Hoverbike Sale,"Ali pesanti, usate dai coltivatori di sale del Sodic Waste. Conferiscono alla hoverbike un peso considerevole.",
SaltBikeBooster,Motore Hoverbike Sale,La grande ruota sul retro di questa hoverbike è usata nella lavorazione del sale raccolto dalle pozze saline.,
AnglerBikeFront,Davanti Hoverbike Pescatore,"Progettato per riporre attrezzatura da pesca o catture più grandi, il frontale di questa hoverbike taglia il vento in modo da produrre meno rumore possibile.",
AnglerBikeWings,Ali Hoverbike Pescatore,Sporgenze metalliche usate per appendere i pesci mentre i Pescatori navigano le dune di Midden.,
AnglerBikeBooster,Motore Hoverbike Pescatore,Un booster a strati elegante e raffinato che è silenzioso per non disturbare i pesci sotto le sabbie.,
ScrapperBikeFront,Davanti Hoverbike Rottamatore,Un pezzo di rottame appeso sotto questo modulo crea una guida ingannevolmente ben bilanciata.,
ScrapperBikeWings,Ali Hoverbike Rottamatore,"Ali metalliche pesanti che si ripiegano durante l'accelerazione per creare una forma aerodinamica.",
ScrapperBikeBooster,Motore Hoverbike Rottamatore,"Realizzato con rottami recuperati da vecchie navi, le ali sul retro di questo booster si appiattiscono per mantenere bilanciato il dietro della hoverbike.",
DragonFlySetTop,Tunica Farfalla,Una tunica appariscente con ali che svolazzano quando salto.,
DragonFlySetTrousers,Pantaloni Farfalla,Abbigliamento colorato che è bellissimo da indossare.,
ScrapperSetTop,Tunica del Rottamatore,"Tunica indossata dai rottamatori esperti, con accessori comodi per raccogliere rottami ed esplorare le navi abbandonate di Midden.",
ScrapperSetTrousers,Pantaloni del Rottamatore,Pantaloni progettati pensando all'esplorazione delle navi.,
DragonFlyPalette,Tinta Hoverbike Libellula,La bottiglia di tinta per i colori dell'Hoverbike Libellula.,
ExtractorPalette,Tinta Hoverbike Estrattore di Sale,La bottiglia di tinta per i colori dell'Hoverbike Estrattore di Sale.,
ScrapperPalette,Tinta Hoverbike Rottamatore,La bottiglia di tinta per i colori dell'Hoverbike Rottamatore.,
CartographerPalette,Tinta Hoverbike Cartografo,La bottiglia di tinta per i colori dell'Hoverbike Cartografo.,
